CREATE DATABASE [E-LIBRARY];



CREATE TABLE GENRE(
GENRE_ID VARCHAR(50) PRIMARY KEY NOT NULL,
Type NVARCHAR(50)
);

INSERT INTO GENRE
(GENRE_ID, Type)
VALUES
('G01','Science fiction'),
('G02','Satire'),
('G03','Drama'),
('G04','Action and Adventure'),
('G05','Romance'),
('G06','Mystery'),
('G07','Horror'),
('G08','Health'),
('G09','Guide'),
('G10','Diaries'),
('G11','Comics'),
('G12','Journals'),
('G13','Biographies'),
('G14','Fantasy'),
('G15','History'),
('G16','Science'),
('G17','Art');



CREATE TABLE AUTHOR(
AUTHOR_ID VARCHAR(50) PRIMARY KEY NOT NULL,
Name NVARCHAR(50)
);

INSERT INTO AUTHOR
(AUTHOR_ID, Name)
VALUES
('A01','William Dean Howells'),
('A02','Frederic Brown'),
('A03','Jack London'),
('A04','Albert Blaisdell'),
('A05','Ellis Butler'),
('A06','Arthur Machen'),
('A07','Titus Lucretius'),
('A08','Rabindranath Tagore'),
('A09','Isaac Asimov'),
('A10','Charles Dickens'),
('A11','Ralph Waldo Emerson'),
('A12','Dorothy Canfield'),
('A13','Givoanni Boccaccio'),
('A14','George Orwell'),
('A15','Publius Ovid'),
('A16','Robert Louis Stevenson'),
('A17','Virginia Woolf'),
('A18','Georgec Eliot'),
('A19','Amelia B.Edwards'),
('A20','Fyodor Dostoevsky'),
('A21','Emily Dickinson'),
('A22','Edna Ferber'),
('A23','Joseph Sheridan LeFanu'),
('A24','John DosPassos'),
('A25','Ruth Stuart'),
('A26','Vladimir Nabokov'),
('A27','Johanna Spyri'),
('A28','Ernest Dowson'),
('A29','Mary Hallock Foote'),
('A30','Zane Grey'),
('A31','H. P.Lovecraft'),
('A32','Samuel Pepys'),
('A33','Kate Dickinson Sweetser'),
('A34','William Lampton'),
('A35','Mother Goose'),
('A36','Eleanor Hallowell Abbott');



CREATE TABLE PUBLISHER(
PUBLISHER_ID VARCHAR(50) PRIMARY KEY NOT NULL,
Name NVARCHAR(50),
Address NVARCHAR(50)
);

INSERT INTO PUBLISHER
(PUBLISHER_ID, Name, Address)
Values
('P01','Sunflower Press','789 Maple Lane, Sunnyvale, USA'),
('P02','Azure Books','234 Seaside Drive, Oceanview, UK'),
('P03','Crimson Quill Publishing','567 Pine Street, Redwood City, Australia'),
('P04','Silver Birch Publishers','890 Cedar Avenue, Silverton, Canada'),
('P05','Golden Gate Press','345 Bridge Road, San Francisco, USA'),
('P06','Emerald Isle Books','432 Coastal Highway, Dublin, Ireland'),
('P07','Ruby River Publications','654 Main Street, Rubyville, USA'),
('P08','Sapphire Sky Publishing','789 Cloud Way, Sapphire City, New Zealand'),
('P09','Amethyst Books',' 876 Crystal Street, Amethyst Town, South Africa'),
('P10','Diamond Star Press','321 Starlight Boulevard, Diamond City, USA'),
('P11','Midnight Moon Publishing','456 Nightfall Avenue, Moonlight Town, Canada'),
('P12','Coral Cove Books','123 Beachside Road, Coral Bay, Australia'),
('P13','Velvet Valley Press','789 Velvet Lane, Valley City, USA'),
('P14','Crystal Clear Publishing','234 Crystal Street, Clearwater, UK'),
('P15','Amber Arrow Books','567 Archer Avenue, Amber Town, New Zealand'),
('P16','Topaz Tales','890 Topaz Boulevard, Topaz City, South Africa'),
('P17','Cobalt Coast Publishing','456 Coastline Road, Cobalt Cove, Ireland'),
('P18','Indigo Ink Press','321 Indigo Street, Inkwell, Canada'),
('P19','Copper Canyon Books','654 Canyon Drive, Copper City, USA'),
('P20','Oceanic Odyssey Publishing','789 Ocean Avenue, Odyssey Bay, Australia');



CREATE TABLE CATEGORY(
CATEGORY_ID VARCHAR(50) PRIMARY KEY NOT NULL,
Book_Tag VARCHAR(50),
Loanability CHAR(50),
);

INSERT INTO CATEGORY
(CATEGORY_ID, Book_Tag, Loanability)
VALUES
('C01','Yellow','Yes'),
('C02','Green','Yes'),
('C03','Red','No');



CREATE TABLE BOOK(
ISBN VARCHAR(20) PRIMARY KEY NOT NULL,
Title NVARCHAR(100) DEFAULT '-',
Description NVARCHAR(1000),
GENRE_ID VARCHAR(50) FOREIGN KEY REFERENCES GENRE(GENRE_ID) NOT NULL,
AUTHOR_ID VARCHAR(50) FOREIGN KEY REFERENCES AUTHOR(AUTHOR_ID) NOT NULL,
PUBLISHER_ID VARCHAR(50) FOREIGN KEY REFERENCES PUBLISHER(PUBLISHER_ID) NOT NULL,
CATEGORY_ID VARCHAR(50) FOREIGN KEY REFERENCES CATEGORY(CATEGORY_ID) NOT NULL,
);

INSERT INTO BOOK
(ISBN, Title, Description, GENRE_ID, AUTHOR_ID, PUBLISHER_ID, CATEGORY_ID)
VALUES
('978-1250170972','Children of Blood and Bone','A fantasy novel set in a world where magic has disappeared and a young girl must fight against a tyrannical king to restore it.','G12','A07','P17','C01'),
('978-0811201077','A Pushcart at The Curb','A collection of poems exploring themes of everyday life and human experiences.','G01','A24','P15','C01'),
('978-0811210161','The Desert and the Sow','A poetry collection that reflects on nature, humanity, and the beauty found in everyday moments.','G10','A29','P11','C03'),
('978-1411421943','Three Soldiers','A novel set during World War I, following the experiences of three American soldiers as they navigate the complexities of war and society.','G15','A24','P20','C01'),
('978-0765319148','The End of Eternity','A science fiction novel about time travel and the consequences of altering the course of history.','G01','A09','P13','C01'),
('978-1421841969','Annie Kilbur','A novel exploring themes of social class, feminism, and identity in late 19th-century America.','G11','A01','P14','C01'),
('978-1856356230','A Touch of Sun and Other Stories','A collection of short stories that delve into the lives of ordinary people and their struggles, joys, and relationships.','G09','A29','P16','C02'),
('978-1402217759','Show Boat','A novel that follows the lives of performers and workers on a Mississippi riverboat, exploring themes of race, love, and identity.','G17','A22','P18','C02'),
('978-0486264721','The Call of the Wild','A classic adventure novel about a domesticated dog named Buck who is thrust into the wilds of the Yukon during the Klondike Gold Rush.','G17','A03','P19','C01'),
('978-0814324180','My Mark Twai','A memoir by Howells reflecting on his friendship and experiences with the renowned author Mark Twain.','G09','A01','P12','C01'),
('978-1648751691','Broken Ties','The book is about Kate, whose world is turned upside down when her ex-husband wife leaves their infant on her doorstep and disappears. Kate discovers a trail for her niece in a remote cabin in the Wyoming mountains, and she begins to suspect that the two women disappearances are connected to a mysterious society.','G05','A08','P01','C01'),
('978-0226020456','Short Stories From American History','A collection of short stories that offer fictionalized accounts of key moments and figures in American history.','G08','A04','P02','C01'),
('978-0141397825','Mrs Rosie and the Priest','A book by Giovanni Boccaccio that contains four stories from his Decameron. The stories are set in Italy and feature cuckolded husbands, cross-dressing wives, and bad priests.','G13','A13','P06','C01'),
('978-0060959727','So Big','A novel that follows the life of Selina Peake De Jong, a strong-willed woman who becomes a successful farmer in the Midwest.','G03','A22','P03','C01'),
('978-0461262391','Monsieur Maurice','A man is brought to the stately home of the German governor of Brühl. The man, Monsieur Maurice, is brought with orders to keep him as a prisoner. He develops a Platonic relationship with a very young girl, who thrills to his tales of adventure. Is he unjustly imprisoned?','G08','A19','P04','C01'),
('978-1978235487','The Master of Ballantrae','A novel about two brothers, James and Henry Durie, whose rivalry leads them on a journey of betrayal, revenge, and redemption.','G12','A16','P10','C02'),
('978-1508991677','The Unlived Life of Little Mary Ellen','A 95-page children book by Ruth McEnery Stuart that was published in 1910. It about a young girl life, and is described as "poignant and heart-wrenching". The book has red cloth cover with gold lettering, and is in Art Nouveau style with floral decorations.','G06','A25','P07','C01'),
('978-1453877840','Mouse - The Last Train','It wasn’t a question of taking a later train! There comes a time in every man life when he decides to break with the past—how complete the break depends on the man and the state of the world!','G13','A02','P09','C02'),
('978-1113696076','Edith Bonham','There comes a time in every man life when he decides to break with the past—how complete the break depends on the man and the state of the world!','G07','A29','P08','C01'),
('978-0688153945','Maybe Mother Goose','A picture book by Esmé Raji Codell that offers a witty take on classic Mother Goose nursery rhymes. The book includes twists on well-known nursery rhymes, such as whether space aliens could visit in Twinkle Twinkle Little Star or if a giraffe could go to school in Mary Had a Little Lamb.','G13','A35','P05','C02'),
('978-0691096727','The Noble Gases','This book likely explores the noble gases, a group of chemical elements with similar properties, such as helium, neon, argon, krypton, xenon, and radon.','G05','A09','P18','C03'),
('978-1609767778','Rainy Week','This could be a story or collection of stories set during a rainy period, possibly exploring themes of melancholy, introspection, or growth.','G07','A36','P03','C02'),
('978-0140390400','A Hazard of New Fortunes','A novel by William Dean Howells, it follows the lives of various characters as they navigate social and economic challenges in late 19th-century New York City.','G04','A01','P02','C01'),
('978-1627552570','A Plot for Murder','A mystery novel centered around a murder plot, likely involving detectives, suspects, and twists and turns in the investigation.','G13','A02','P16','C01'),
('978-1463717070','Nature','This could refer to a variety of works, but it might be a collection of essays, poems, or scientific writings exploring the natural world and humanity relationship with it.','G08','A11','P09','C03'),
('978-0007120853','Hickory Dickory Dock','This could be a children book, possibly featuring the nursery rhyme "Hickory Dickory Dock," or a mystery novel with a playful title.','G06','A35','P10','C02'),
('978-0152022973','Big Fat Hen','This could be a children book, possibly featuring the nursery rhyme "One, Two, Buckle My Shoe" which includes the line "Three, Four, Shut the door, Five, Six, Pick up sticks, Seven, Eight, Lay them straight, Nine, Ten, A big fat hen!"','G11','A35','P03','C01'),
('978-1617203645','The Lone Star Ranger','A western novel by Zane Grey, it follows the story of Buck Duane, a Texas Ranger who seeks vengeance against the outlaws who killed his family.','G09','A30','P16','C01'),
('978-0385497713','The Great Fire of London','This could refer to historical accounts or fiction depicting the Great Fire of London in 1666, which destroyed much of the city.','G09','A32','P08','C02'),
('978-0802130142','White Nights','This could refer to various works, but it might be a collection of short stories by Fyodor Dostoevsky, including the titular story about a man encounter with a young woman during the summer nights in St. Petersburg.','G13','A20','P13','C01'),
('978-0199537980','In a Glass Darkly','A collection of supernatural tales by Sheridan Le Fanu, featuring stories of horror, mystery, and the occult.','G09','A23','P09','C01'),
('978-1448626255','Fanny Herself','A novel by Edna Ferber, it follows the life of Fanny Brandeis as she navigates the business world and confronts societal expectations in early 20th-century America.','G10','A22','P19','C01'),
('978-1846272068','Loaded','The novel describes twenty-four hours in the life of Ari, an angst-ridden, young, gay Greek Australian. Ari travels across the city of Melbourne, Australia, taking speed, cocaine and marijuana whenever presented to him.','G04','A02','P18','C01'),
('978-1544847481','A Foregone Conclusion','A novel by William Dean Howells, it explores themes of romance, social class, and morality in 19th-century America.','G14','A01','P19','C02'),
('978-1473317051','The Hill of Dreams','A semi-autobiographical novel following the life of a struggling writer and his descent into obsession with the supernatural.','G06','A06','P11','C01'),
('978-1977849178','Adventure','A collection of short stories by the renowned author, exploring themes of survival, nature, and human resilience.','G08','A03','P03','C02'),
('978-8171678237','A Tagore Reader','A compilation of selected works by the Nobel laureate, showcasing his poetry, essays, and philosophical writings.','G04','A08','P02','C02'),
('978-1853260391','A Tale of Two Cities','A historical novel set in London and Paris before and during the French Revolution, exploring themes of love, sacrifice, and resurrection.','G12','A10','P16','C02'),
('978-0140435461','Dombey and Son','A novel that follows the fortunes of the wealthy businessman Paul Dombey and his family, exploring themes of pride, ambition, and familial relationships.','G13','A10','P02','C02'),
('978-1406500070','Famous Women','A collection of biographical sketches highlighting the lives of notable women throughout history.','G01','A13','P14','C02'),
('978-1406530527','Rejection The Ruling Spirit','A real force and power with the intent of controlling man inner man with the spirit of rejection. Acts of rejection can be as simple as being slighted at social gatherings or as harsh as rape or incest. Responses can range from slight depression to suicide.','G02','A05','P02','C02'),
('978-0141439969','Little Dorrit','A novel that satirizes the shortcomings of the British government and society through the story of Amy Dorrit, a young woman born and raised in debtor prison.','G12','A10','P16','C01'),
('978-1975944631','The Four-Fifteen Express','A mystery novella about a young woman encounter with a mysterious stranger on a train journey.','G02','A19','P13','C01'),
('978-1406596172','Fairy Prince and Other Stories','A collection of short stories featuring fairy tales, whimsical adventures, and heartwarming narratives.','G14','A36','P17','C01'),
('978-1447478450','Ten Tales from the Decameron','A selection of stories from Boccaccio famous work "The Decameron," a collection of novellas set during the Black Death in Italy.','G05','A13','P19','C01'),
('978-0140455124','The Double','A psychological novel about a man who encounters his doppelgänger, leading to a descent into madness and identity crisis.','G16','A20','P04','C01'),
('978-0553268355','A Flight Of Swans','A fantasy novel about a young girl who discovers she is part of a mystical lineage and must embark on a quest to save her people.','G08','A08','P08','C01'),
('978-1517340080','The Phantom Coach','A classic ghost story about a man who encounters a spectral coach on a stormy night, leading to a terrifying revelation.','G16','A19','P09','C02'),
('978-1420928728','The Game','A short story exploring the brutal realities of survival and competition in the wilderness.','G10','A03','P02','C02'),
('978-1421808559','Rico and Wiseli','A heartwarming novel about two orphaned siblings who find solace and friendship in each other company.','G08','A27','P15','C02'),
('978-1425057955','The Shorter Pepys','A condensed version of the famous diary of Samuel Pepys, offering insights into life in 17th-century England.','G05','A32','P16','C02'),
('978-0865474531','My Life Had Stood a Loaded Gun','A collection of poetry by the iconic American poet, exploring themes of nature, mortality, and the human experience.','G11','A21','P11','C02'),
('978-0670911110','A Tagore Testament','A collection of essays, letters, and reflections by Tagore, offering insights into his thoughts on life, society, and spirituality.','G14','A08','P17','C02'),
('978-1421817629','The Cruise of the Dazzler','A novel about a young boy adventures at sea aboard the yacht Dazzler, facing challenges and learning valuable lessons along the way.','G10','A03','P01','C02'),
('978-0156907391','To The Lighthouse','A novel that explores the complexities of human relationships, memory, and the passage of time as a family spends a summer at their vacation home in Scotland.','G02','A17','P04','C02'),
('978-0316008075','The Terror','A historical horror novel that reimagines the ill-fated Franklin Expedition to the Arctic in 1845, blending elements of supernatural horror with historical fiction.','G17','A06','P09','C01'),
('978-1406805103','The Sick-a-Bed Lady','A heartwarming collection of short stories about the resilience and kindness of individuals facing illness and adversity.','G09','A36','P13','C02'),
('978-1421834114','Christmas Every Day','A charming Christmas story about a little girl who wishes for Christmas to happen every day, only to learn valuable lessons about the true spirit of the holiday.','G12','A01','P20','C01'),
('978-1590173130','The Home-maker','A thought-provoking novel that challenges traditional gender roles and explores the complexities of family life and personal fulfillment.','G13','A12','P10','C01'),
('978-1420927219','The Ground-Swell','A collection of essays and reflections on various philosophical and spiritual themes by the renowned Indian author.','G10','A29','P17','C01'),
('978-1419121880','A Sleep and a Forgetting','A novel that delves into themes of memory, identity, and the consequences of past decisions.','G02','A01','P16','C01'),
('978-0140430954','Nicholas Nickleby','classic novel that follows the trials and tribulations of Nicholas Nickleby, a young man who must support his family after the death of his father. Nicholas encounters various eccentric characters, faces adversity, and ultimately seeks justice and redemption.', 'G01','A10','P06','C01'),
('978-1590173161','The Whole Family: A Novel by Twelve Authors','A collaborative novel featuring contributions from twelve different authors, each writing a chapter from the perspective of a different character.','G06','A01','P07','C02'),
('978-0141439549','Middlemarch','A multi-layered novel that offers a panoramic view of English provincial life in the 1830s, exploring themes of ambition, marriage, and social change.','G10','A18','P07','C02'),
('978-0140441059','Life of Dante','A biography of the Italian poet Dante Alighieri, written by his contemporary Giovanni Boccaccio.','G13','A13','P01','C02'),
('978-1164427177','Short Stories From English History','A collection of short stories that bring key moments and figures from English history to life through engaging narratives.','G02','A04','P14','C02'),
('978-1592241380','Little Eve Edgarton','A heartwarming novel about a young girl journey to discover her own identity and find happiness.','G05','A36','P16','C01'),
('978-1410208089','The Kingdom of the Su','A collection of fairy tales and folklore from various cultures, retold for young readers.','G09','A09','P12','C03'),
('978-1604501815','Indian Summer','A novel that explores themes of love, friendship, and self-discovery as a group of American expatriates navigate the social scene in Florence, Italy.','G13','A01','P02','C01'),
('978-0156628709','Mrs Dalloway','A modernist novel that follows a day in the life of Clarissa Dalloway, a high-society woman in post-World War I London, as she prepares for a party.','G05','A17','P02','C01'),
('978-0375756887','Demons','A novel that examines the political and social upheaval of 19th-century Russia through the lens of a group of radical revolutionaries.','G14','A20','P08','C03'),
('978-1503264048','The Last Trail','A Western novel that follows the adventures of a cowboy named Jonathan Zane as he seeks justice and confronts danger in the Wild West.','G13','A30','P18','C02'),
('978-1434445981','The Fredric Brown Megapack','A collection of short stories spanning various genres, showcasing the wit, imagination, and versatility of the acclaimed author.','G15','A02','P08','C02'),
('978-0140449307','The Decameron: Selected Tales','A collection of stories told by a group of young people sheltering from the Black Death in Florence, Italy, in the 14th century, covering various themes such as love, wit, and trickery.','G16','A13','P16','C02'),
('978-1434412624','The Bent Twig','A coming-of-age novel that follows the life of a young girl named Evangeline, exploring themes of education, family, and societal expectations.','G03','A12','P06','C02'),
('978-1421846827','Things Near and Far','A collection of essays and reflections on various topics, offering insight into the author thoughts and observations on life and the world around him.','G06','A06','P19','C02'),
('978-0801853514','The Story of Salome','A retelling of the biblical tale of Salome, known for her dance of the seven veils, illustrated with intricate and provocative artwork by Beardsley.','G10','A19','P03','C02'),
('978-1163817312','The Destruction of Our Children','A social commentary on the impact of modern society on children, addressing issues such as education, parenting, and the loss of innocence.','G09','A05','P16','C02'),
('978-0060932683','Collected Stories','A compilation of short stories from various authors, covering a range of genres, themes, and writing styles.','G04','A08','P09','C02'),
('978-0375753794','The House of the Dead','A semi-autobiographical novel based on Dostoevsky experiences in a Siberian prison camp, exploring themes of suffering, redemption, and the human condition.','G02','A20','P16','C02'),
('978-1428050697','Sonny: A Christmas Guest','A heartwarming story about a young boy named Sonny who brings joy and warmth to a family during the Christmas season.','G06','A25','P02','C02'),
('978-0486447973','Amores','A collection of poems exploring themes of love, desire, and intimacy, written with Lawrence characteristic passion and intensity.','G10','A15','P11','C02'),
('978-8171675571','Chaturanga','A novel set in colonial Bengal, following the lives of four characters whose intertwined destinies reflect the social and political changes of the time.','G10','A08','P08','C01'),
('978-0811214138','Chitra','A play based on the story of Chitrangada from the Mahabharata, exploring themes of gender identity, love, and self-discovery.','G09','A08','P12','C02'),
('978-1544901298','The Iron Heel','A dystopian novel that explores the rise of a tyrannical oligarchy in the United States and the struggle of resistance movements against it.','G14','A03','P02','C01'),
('978-0486490061','Self Reliance','An essay advocating for individualism, self-reliance, and non-conformity, encouraging readers to trust their own instincts and beliefs.','G17','A11','P20','C03'),
('978-0486297484','The Great God Pan And The Hill Of Dreams','A collection of supernatural and horror stories by Machen, known for their evocative prose and eerie atmosphere.','G05','A06','P09','C02'),
('978-0486297293','The White People and Other Weird Stories','Another collection of Machen supernatural tales, featuring tales of ancient mysteries, supernatural encounters, and cosmic horror.','G14','A06','P16','C01'),
('978-0520044277','The Diary of Samuel Pepys: A Selection','A curated selection from the extensive diary of Samuel Pepys, offering insights into daily life in 17th-century England and Pepys personal experiences and observations.','G03','A32','P17','C02'),
('978-1530814735','The Rise of Silas Lapham','A novel that explores the rise and fall of Silas Lapham, a self-made businessman who faces moral dilemmas and struggles for social acceptance in Boston society.','G02','A01','P11','C02'),
('978-1503293574','The Mystery of Edwin Drood','Dickens final, unfinished novel, which follows the mysterious disappearance of Edwin Drood and the efforts to solve the mystery surrounding his fate.','G11','A10','P10','C02'),
('978-1617201887','In Exile and Other Stories','A collection of short stories by the renowned Russian author, exploring themes of love, loss, and the human condition.','G10','A29','P15','C02'),
('978-0141439723','Bleak House','A sprawling novel that weaves together multiple plotlines and characters, centered around the interminable legal case of Jarndyce and Jarndyce and its impact on various lives in Victorian England.','G17','A10','P04','C01'),
('978-1883011040','U.S.A Trilogy','A trilogy of novels—consisting of "The 42nd Parallel," "1919," and "The Big Money"—that collectively offer a panoramic view of American society during the early 20th century.','G01','A24','P05','C03'),
('978-1104424701','A Comedy of Masks','A collection of poetry by Dowson, known for its melancholic tone and themes of love, longing, and decadence.','G12','A28','P05','C02'),
('978-1984103585','Barnaby Rudge','A historical novel set during the Gordon Riots of 1780 in London, following the lives of various characters caught up in the tumultuous events.','G11','A10','P15','C02'),
('978-1148644542','Heroic Deeds of American Sailors','A collection of stories and anecdotes celebrating the bravery and accomplishments of American sailors throughout history.','G01','A04','P11','C02'),
('978-1356915292','A Bouquet','A collection of poetry by Barrett Browning, featuring her lyrical and romantic verses on love, nature, and spirituality.','G17','A28','P12','C02'),
('978-1542453601','Editha','A short story by Howells that explores the themes of patriotism, war, and the romantic idealism of youth.','G17','A01','P16','C01'),
('978-0618056814','Manhattan Transfer','A modernist novel that paints a vivid portrait of New York City in the early 20th century, following the lives of various characters as they navigate the urban landscape.','G03','A24','P13','C01');



CREATE TABLE MEMBER(
MEMBER_ID VARCHAR(50) PRIMARY KEY NOT NULL,
First_Name NVARCHAR(50),
Last_Name NVARCHAR(50),
Contact_Number NVARCHAR(50),
Email NVARCHAR(50),
);

INSERT INTO MEMBER
(MEMBER_ID, First_Name, Last_Name, Contact_Number, Email)
VALUES
('M001','Hazel','Green','012-3456789','hazelgreen@gmail.com'),	
('M002','Ashley','Marshall','019-8765432','ashleymarshall@gmail.com'),
('M003','Ansley','Green','016-2345678','ansleygreen@gmail.com'),
('M004','Alcock','Chapman','013-4567890','alockchapman@gmail.com'),
('M005','Meadow','Taylor','017-9876543','meadowtaylor@gmail.com'),
('M006','Green','Wright','014-5678901','greenwright@gmail.com'),
('M007','Paxton','Foster','011-3456789','paxtonfoster@gmail.com'),
('M008','Gray','King','018-7654321','grayking@gmail.com'),
('M009','Jones','Collins','015-4567890','jonescollins@gmail.com'),
('M010','Leslie','Young','012-9876543','leslieyoung@gmail.com'),
('M011','Hailey','Hill','019-2345678','haileyhill@gmail.com'),
('M012','Washington','Martin','016-6789012','washingtonmartin@gmail.com'),
('M013','Ramirez','Green','013-7890123','ramirezgreen@gmail.com'),
('M014','Morgan','Smith','017-3456789','morgansmith@gmail.com'),
('M015','Perez','Baker','014-9012345','	prerezbaker@gmail.com'),
('M016','Alfie','Watson','011-5678901','alfiewatson@gmail.com'),
('M017','Madison','Jackson','018-2345678','madisonjackson@gmail.com'),
('M018','Beverly','Moore','015-6789012','beverlymoore@gmail.com'),
('M019','Kaden','Anderson','012-7890123','kadenanderson@gmail.com'),
('M020','Carter','Adams','019-3456789','carteradams@gmail.com'),
('M021','Ackland','Adams','016-9012345','acklandadams@gmail.com'),
('M022','Hadley','Parker','013-5678901','hadleyparker@gmail.com'),
('M023','Henderson','Cook','017-2345678','hendersoncook@gmail.com'),
('M024','Wrightv','Young','014-6789012','wrightyoung@gmail.com'),
('M025','Lindsey','Wilkinson','011-7890123','lindseywilkinson@gmail.com'),
('M026','Wren','Chapman','018-3456789','wrenchapman@gmail.com'),
('M027','Love','Chapman','015-9012345','lovechapman@gmail.com'),
('M028','Wes','Bell','012-5678901','wesbell@gmail.com'),
('M029','Tyler','Carter','019-2345678','tylercarter@gmail.com'),
('M030','Edwin','Cook','016-6789012','edwincook@gmail.com'),
('M031','Sally','Wood','013-7890123','sallywood@gmail.com'),
('M032','Nelson','Smith','017-3456789','nelsonsmith@gmail.com'),	
('M033','Arabelle','Brown','014-9012345','arabellebrown@gmail.com'),
('M034','Carter','Harrison','011-5678901','carterharrison@gamil.com'),
('M035','Baker','Bell','018-2345678','bakerbell@gmail.com'),
('M036','Cherish','Cooper','015-6789012	','cherishcooper@gmail.com'),
('M037','Remington','Wright','012-7890123','remingtonwright@gmail.com'),
('M038','Edwards','King','019-3456789','edwardsking@gmail.com'),
('M039','Harleigh','Taylor','016-9012345','harleightaylor@gmail.com'),
('M040','Ryleigh','Clark','013-5678901','ryleighclark@gmail.com'),
('M041','Albert	','Richardson','017-2345678','albertrichardson@gmail.com'),
('M042','Lee','Ward','014-6789012','leeward@gmail.com'),
('M043','Kaylin','Bell','011-7890123','kaylinbell@gmail.com'),
('M044','Agard','Young','018-3456789','agardyoung@gmail.com'),
('M045','Turner','Hall','015-9012345','turnerhall@gmail.com'),
('M046','Akes','White','012-5678901','akeswhite@gmail.com'),
('M047','Lewis','Lee','019-2345678','lewislee@gmail.com'),
('M048','Karson','Cook','016-6789012','karsoncook@gmail.com'),
('M049','Hayden	','Young','013-7890123','haydenyoung@gmail.com'),
('M050','Sterling','Shaw','017-3456789','sterlingshaw@gmail.com'),
('M051','Rylan','Wright','014-9012345','rylanwright@gmail.com'),
('M052','Abbott','Hill','011-5678901','abbotthill@gmail.com'),
('M053','Alcock','Turner','018-2345678','alcockturner@gmail.com'),
('M054','Simmons','Davis','015-6789012','simmonsdavis@gmail.com'),
('M055','Jennifer','Moore','012-7890123','jennifermoore@gmail.com'),
('M056','Reed','Ward','019-3456789','reedward@gmail.com'),
('M057','Adley','Adams','016-9012345','adleyadams@gmail.com'),	
('M058','Ainley','Young','013-5678901','ainleyyoung@gmail.com'),
('M059','Ida','	Gray','017-2345678','idagray@gmail.com'),
('M060','Alice','Wood','014-6789012','alicewood@gmail.com'),
('M061','Kim','Marshall','011-7890123','kimmarshall@gmail.com'),	
('M062','Ainsley','Cooper','018-3456789	','ainsleycooper@gmail.com	'),
('M063','Josephine','Bell','015-9012345','josephinebell@gmail.com'),
('M064','Ronald','Lee','012-5678901','ronaldlee@gmail.com'),
('M065','Harlee','Foster','019-2345678','harlesfoster@gmail.com'),
('M066','Kaelyn','Chapman','016-6789012','kealynchapman@gmail.com'),
('M067','Dev','Davis','013-7890123','devdavis@gmail.com'),
('M068','Honey','Corbyn','017-3456789','honeycorbyn@gmail.com'),
('M069','Crosby','Cook','014-9012345','crosbycook@gmail.com'),
('M070','Jaxon','Walker','011-5678901','jaxonwalker@gmail.com'),
('M071','Alberts','Cox','018-2345678','albertscox@gmail.com'),
('M072','Daxton	','Smith','015-6789012','daxtonsmith@gmail.com'),
('M073','Braden	','Carter','012-7890123	','bradencarter@gmail.com'),
('M074','Johnson','Baker','019-3456789','johnsonbaker@gmail.com'),
('M075','Addison','Adams','016-9012345','addisonadams@gmail.com'),
('M076','Dalton','Harris','013-5678901','daltonharris@gmail.com'),
('M077','Chance','Johnson','017-2345678','chancejohnson@gmail.com'),
('M078','Ailes','Wright','014-6789012','aileswright@gmail.com'),
('M079','Bryant','Chapman','011-7890123','bryantchapman@gmail.com'),
('M080','Maverick','Young','018-3456789','maverickyoung@gmail.com'),
('M081','Acomb','Collins','015-9012345','acombcollins@gmail.com'),
('M082','Reed','Johnson','012-5678901','reedjohnson@gmail.com'),
('M083','Akes','Turner','019-2345678','akesturner@gmail.com'),
('M084','Rylan','Wilkinson','016-6789012','rylanwilkinson@gmail.com'),
('M085','Miller','Wilkinson','013-7890123','millerwilkinson@gmail.com'),
('M086','Adley','Collins','017-3456789','adleycollins@gmail.com'),
('M087','Nelson','Harrison','014-9012345','nelsonharrison@gmail.com'),
('M088','Daisy','Taylor','011-5678901','daisytaylor@gmail.com'),
('M089','Lewis','Young','018-2345678','lewisyoung@gmail.com'),
('M090','Moore','Brown','015-6789012','moorebrown@gmail.com'),
('M091','Colton','Ward','012-7890123','coltonward@gmail.com'),	
('M092','Harvey','Hill','019-3456789','harveyhill@gmail.com'),
('M093','Kaden','Lee','016-9012345','kadenlee@gmail.com'),
('M094','Walker','Hall','013-5678901','walkerhall@gmail.com'),	
('M095','Preston','White','017-2345678','prestonwhite@gmail.com'),
('M096','Walker','Green','014-6789012','walkergreen@gmail.com'),	
('M097','Brooklynn','Carter','011-7890123','brooklyncarter@gmail.com'),	
('M098','Brennan','King','018-3456789','brennanking@gmail.com'),
('M099','James','Watson','015-9012345','jameswatson@gmail.com'),	
('M100','Drake','Gray','012-5678901','drakegray@gmail.com');	



CREATE TABLE [RESERVED DATE](
RESERVED_ID VARCHAR(50) PRIMARY KEY NOT NULL,
MEMBER_ID VARCHAR(50) FOREIGN KEY REFERENCES MEMBER(MEMBER_ID) NOT NULL,
Reserved_Date DATE,
);

INSERT INTO [RESERVED DATE]
(RESERVED_ID, Member_ID, Reserved_Date)
VALUES
('R001','M021', '2021-01-04'),
('R002','M004', '2021-01-24'),
('R003','M011', '2021-02-23'),
('R004','M030', '2021-02-25'),
('R005','M044', '2021-03-03'),
('R006','M063', '2021-03-12'),
('R007','M004', '2021-04-11'),
('R008','M084', '2021-06-15'),
('R009','M055', '2021-06-20'),
('R010','M088', '2021-07-04'),
('R011','M057', '2021-07-18'),
('R012','M011', '2021-08-01'),
('R013','M086', '2021-08-15'),
('R014','M088', '2021-09-05'),
('R015','M055', '2021-09-19'),
('R016','M052', '2021-10-03'),
('R017','M030', '2021-10-05'),
('R018','M099', '2021-10-10'),
('R019','M032', '2021-11-07'),
('R020','M075', '2021-11-14'),
('R021','M082', '2021-11-25'),
('R022','M078', '2021-12-05'),
('R023','M069', '2021-12-08'),
('R024','M021', '2021-12-10'),
('R025','M032', '2021-01-15'),
('R026','M050', '2022-01-02'),
('R027','M082', '2022-01-16'),
('R028','M097', '2022-01-30'),
('R029','M069', '2022-02-06'),
('R030','M021', '2022-02-20'),
('R031','M030', '2022-03-06'),
('R032','M071', '2022-03-10'),
('R033','M059', '2022-04-17'),
('R034','M093', '2022-04-25'),
('R035','M080', '2022-05-15'),
('R036','M085', '2022-05-18'),
('R037','M071', '2022-05-21'),
('R038','M059', '2022-06-12'),
('R039','M004', '2022-06-26'),
('R040','M095', '2022-07-10'),
('R041','M066', '2022-07-24'),
('R042','M004', '2022-08-07'),
('R043','M087', '2022-08-21'),
('R044','M015', '2022-09-04'),
('R045','M090', '2022-09-18'),
('R046','M064', '2022-11-13'),
('R047','M087', '2022-11-27'),
('R048','M024', '2022-12-05'),
('R049','M090', '2022-12-10'),
('R050','M017', '2022-12-25'),
('R051','M092', '2023-01-11'),
('R052','M050', '2023-01-15'),
('R053','M085', '2023-01-29'),
('R054','M003', '2023-02-12'),
('R055','M054', '2023-02-26'),
('R056','M010', '2023-03-12'),
('R057','M011', '2023-03-26'),
('R058','M079', '2023-04-09'),
('R059','M015', '2023-04-23'),
('R060','M006', '2023-05-07'),
('R061','M067', '2023-05-21'),
('R062','M079', '2023-06-04'),
('R063','M019', '2023-06-18'),
('R064','M015', '2023-07-02'),
('R065','M094', '2023-07-30'),
('R066','M067', '2023-08-13'),
('R067','M064', '2023-08-27'),
('R068','M100', '2023-09-10'),
('R069','M044', '2023-09-24'),
('R070','M065', '2023-09-27'),
('R071','M061', '2023-10-08'),
('R072','M032', '2023-10-22'),
('R073','M044', '2023-10-25'),
('R074','M076', '2023-11-05'),
('R075','M091', '2023-11-19'),
('R076','M073', '2023-12-02'),
('R077','M077', '2023-12-03'),
('R078','M061', '2023-12-17'),
('R079','M073', '2023-12-25'),
('R080','M054', '2023-12-28');



CREATE TABLE [RESERVED BOOK](
RESERVED_ID VARCHAR(50) FOREIGN KEY REFERENCES [RESERVED DATE](RESERVED_ID) NOT NULL,
ISBN VARCHAR(20) FOREIGN KEY REFERENCES BOOK(ISBN) NOT NULL,
PRIMARY KEY (RESERVED_ID, ISBN),
);

INSERT INTO [RESERVED BOOK]
(RESERVED_ID, ISBN)
VALUES
('R001','978-1853260391'),
('R001','978-1856356230'),
('R001','978-0140449307'),
('R002','978-0688153945'),
('R002','978-1421846827'),
('R003','978-0486297293'),
('R003','978-1856356230'),
('R003','978-0486447973'),
('R004','978-1853260391'),
('R004','978-0688153945'),
('R004','978-0140449307'),
('R004','978-1419121880'),
('R005','978-1856356230'),
('R005','978-1356915292'),
('R005','978-1503293574'),
('R005','978-0156628709'),
('R005','978-0688153945'),
('R006','978-1419121880'),
('R006','978-1503264048'),
('R007','978-1856356230'),
('R007','978-1853260391'),
('R007','978-0486297293'),
('R007','978-1503293574'),
('R007','978-1503264048'),
('R008','978-0140449307'),
('R008','978-1428050697'),
('R008','978-1544901298'),
('R008','978-0688153945'),
('R009','978-0156628709'),
('R009','978-1856356230'),
('R010','978-1503293574'),
('R010','978-0140441059'),
('R010','978-1104424701'),
('R011','978-1163817312'),
('R011','978-1604501815'),
('R012','978-1544901298'),
('R012','978-0140441059'),
('R012','978-0060959727'),
('R012','978-1104424701'),
('R013','978-0375753794'),
('R013','978-0060959727'),
('R013','978-0141439723'),
('R013','978-1419121880'),
('R014','978-0375753794'),
('R014','978-1148644542'),
('R015','978-0486297293'),
('R015','978-0141439723'),
('R016','978-1428050697'),
('R017','978-1148644542'),
('R017','978-0060959727'),
('R017','978-0520044277'),
('R018','978-1104424701'),
('R018','978-1503293574'),
('R019','978-1163817312'),
('R020','978-0520044277'),
('R020','978-1530814735'),
('R020','978-1856356230'),
('R021','978-1604501815'),
('R021','978-1542453601'),
('R022','978-0156628709'),
('R023','978-0618056814'),
('R023','978-1975944631'),
('R024','978-1856356230'),
('R024','978-1148644542'),
('R024','978-1544847481'),
('R025','978-0141439723'),
('R026','978-1517340080'),
('R026','978-0156628709'),
('R027','978-0688153945'),
('R027','978-0141439723'),
('R027','978-1542453601'),
('R027','978-1590173130'),
('R028','978-0688153945'),
('R029','978-1356915292'),
('R030','978-1542453601'),
('R031','978-0152022973'),
('R031','978-1856356230'),
('R031','978-0811214138'),
('R032','978-1604501815'),
('R032','978-0140390400'),
('R033','978-0811214138'),
('R033','978-1604501815'),
('R034','978-1530814735'),
('R035','978-0865474531'),
('R036','978-0765319148'),
('R036','978-1428050697'),
('R037','978-1517340080'),
('R038','978-1406500070'),
('R038','978-1453877840'),
('R039','978-1104424701'),
('R040','978-0199537980'),
('R041','978-1163817312'),
('R041','978-0865474531'),
('R042','978-1421846827'),
('R043','978-8171675571'),
('R044','978-1148644542'),
('R044','978-0865474531'),
('R044','978-0060959727'),
('R045','978-0156907391'),
('R045','978-0060959727'),
('R046','978-8171675571'),
('R047','978-0553268355'),
('R048','978-0152022973'),
('R049','978-0060959727'),
('R050','978-1590173130'),
('R050','978-1406500070'),
('R050','978-1977849178'),
('R051','978-1421846827'),
('R052','978-1846272068'),
('R053','978-1421846827'),
('R053','978-0199537980'),
('R054','978-1856356230'),
('R054','978-0553268355'),
('R054','978-0156907391'),
('R054','978-1406500070'),
('R055','978-1356915292'),
('R055','978-1977849178'),
('R056','978-1406500070'),
('R057','978-0765319148'),
('R058','978-1853260391'),
('R058','978-0385497713'),
('R059','978-0765319148'),
('R060','978-1544901298'),
('R060','978-1530814735'),
('R060','978-0140390400'),
('R061','978-0140449307'),
('R061','978-0486447973'),
('R062','978-0520044277'),
('R063','978-1530814735'),
('R063','978-1163817312'),
('R064','978-0385497713'),
('R065','978-1453877840'),
('R066','978-0553268355'),
('R067','978-1853260391'),
('R067','978-0486447973'),
('R067','978-0375753794'),
('R068','978-1846272068'),
('R069','978-0618056814'),
('R070','978-0140449307'),
('R071','978-0486447973'),
('R072','978-0140441059'),
('R072','978-1503264048'),
('R072','978-0520044277'),
('R073','978-1148644542'),
('R074','978-0375753794'),
('R075','978-0765319148'),
('R075','978-0618056814'),
('R076','978-1356915292'),
('R076','978-0811214138'),
('R076','978-1544901298'),
('R076','978-8171675571'),
('R077','978-0688153945'),
('R077','978-0140441059'),
('R078','978-1503264048'),
('R078','978-8171675571'),
('R079','978-1356915292'),
('R079','978-0060959727'),
('R079','978-0811214138'),
('R080','978-0765319148');



CREATE TABLE [BOOK COPY](
BOOK_COPY_ID VARCHAR(50) PRIMARY KEY NOT NULL,
ISBN VARCHAR(20) FOREIGN KEY REFERENCES BOOK(ISBN) NOT NULL,
);

INSERT INTO [BOOK COPY]
(BOOK_COPY_ID, ISBN)
VALUES
('B01','978-1250170972'),
('B02','978-1250170972'),
('B03','978-0811201077'),
('B04','978-0811201077'),
('B05','978-0811210161'),
('B06','978-0811210161'),
('B07','978-1411421943'),
('B08','978-0765319148'),
('B09','978-0765319148'),
('B10','978-1421841969'),
('B11','978-1421841969'),
('B12','978-1421841969'),
('B13','978-1856356230'),
('B14','978-1856356230'),
('B15','978-1402217759'),
('B16','978-1402217759'),
('B17','978-1402217759'),
('B18','978-0486264721'),
('B19','978-0814324180'),
('B20','978-0814324180'),
('B21','978-1648751691'),
('B22','978-1648751691'),
('B23','978-0226020456'),
('B24','978-0226020456'),
('B25','978-0141397825'),
('B26','978-0141397825'),
('B27','978-0141397825'),
('B28','978-0060959727'),
('B29','978-0461262391'),
('B30','978-1978235487'),
('B31','978-1978235487'),
('B32','978-1508991677'),
('B33','978-1508991677'),
('B34','978-1453877840'),
('B35','978-1113696076'),
('B36','978-1113696076'),
('B37','978-0688153945'),
('B38','978-0688153945'),
('B39','978-0691096727'),
('B40','978-1609767778'),
('B41','978-0140390400'),
('B42','978-0140390400'),
('B43','978-1627552570'),
('B44','978-1627552570'),
('B45','978-1463717070'),
('B46','978-1463717070'),
('B47','978-0007120853'),
('B48','978-0007120853'),
('B49','978-0152022973'),
('B50','978-1617203645'),
('B51','978-1617203645'),
('B52','978-0385497713'),
('B53','978-0385497713'),
('B54','978-0385497713'),
('B55','978-0802130142'),
('B56','978-0802130142'),
('B57','978-0199537980'),
('B58','978-1448626255'),
('B59','978-1448626255'),
('B60','978-1846272068'),
('B61','978-1544847481'),
('B62','978-1544847481'),
('B63','978-1473317051'),
('B64','978-1473317051'),
('B65','978-1977849178'),
('B66','978-8171678237'),
('B67','978-1853260391'),
('B68','978-0140435461'),
('B69','978-0140435461'),
('B70','978-0140435461'), 
('B71','978-1406500070'),
('B72','978-1406500070'),
('B73','978-1406530527'),
('B74','978-0141439969'),
('B75','978-1975944631'),
('B76','978-1975944631'),
('B77','978-1406596172'),
('B78','978-1406596172'),
('B79','978-1447478450'),
('B80','978-1447478450'),
('B81','978-0140455124'),
('B82','978-0553268355'),
('B83','978-0553268355'),
('B84','978-1517340080'),
('B85','978-1517340080'),
('B86','978-1420928728'),
('B87','978-1421808559'),
('B88','978-1421808559'),
('B89','978-1425057955'),
('B90','978-0865474531'),
('B91','978-0670911110'),
('B92','978-0670911110'),
('B93','978-1421817629'),
('B94','978-0156907391'),
('B95','978-0316008075'),
('B96','978-1406805103'),
('B97','978-1421834114'),
('B98','978-1590173130'),
('B99','978-1590173130'), 
('B100','978-1420927219'),
('B101','978-1419121880'),
('B102','978-1419121880'),
('B103','978-0140430954'),
('B104','978-0140430954'),
('B105','978-1590173161'),
('B106','978-1590173161'),
('B107','978-1590173161'),
('B108','978-0141439549'),
('B109','978-0141439549'),
('B110','978-0141439549'),
('B111','978-0140441059'),
('B112','978-1164427177'),
('B113','978-1592241380'),
('B114','978-1410208089'),
('B115','978-1410208089'),
('B116','978-0156628709'),
('B117','978-0375756887'),
('B118','978-0375756887'),
('B119','978-1503264048'),
('B120','978-1503264048'),
('B121','978-1434445981'),
('B122','978-0140449307'),
('B123','978-0140449307'),
('B124','978-1434412624'),
('B125','978-1421846827'),
('B126','978-0801853514'),
('B127','978-1163817312'),
('B128','978-0060932683'),
('B129','978-0060932683'),
('B130','978-0375753794'),
('B131','978-1428050697'),
('B132','978-0486447973'),
('B133','978-8171675571'),
('B134','978-8171675571'),
('B135','978-0811214138'),
('B136','978-0811214138'),
('B137','978-1544901298'),
('B138','978-1544901298'),
('B139','978-0486490061'),
('B140','978-0486297484'),
('B141','978-0486297484'),
('B142','978-0486297484'),
('B143','978-0486297293'),
('B144','978-0520044277'),
('B145','978-1530814735'),
('B146','978-1530814735'),
('B147','978-1503293574'),
('B148','978-1503293574'),
('B149','978-1617201887'),
('B150','978-0141439723'),
('B151','978-0141439723'),
('B152','978-1883011040'),
('B153','978-1104424701'),
('B154','978-1104424701'),
('B155','978-1984103585'),
('B156','978-1148644542'),
('B157','978-1356915292'),
('B158','978-1356915292'),
('B159','978-1356915292'),
('B160','978-1542453601'),
('B161','978-1542453601'),
('B162','978-0618056814'),
('B163','978-0618056814'),
('B164','978-0618056814');



CREATE TABLE [LOAN BOOK](
LOAN_ID VARCHAR(50) PRIMARY KEY NOT NULL,
MEMBER_ID VARCHAR(50) FOREIGN KEY REFERENCES MEMBER(MEMBER_ID) NOT NULL,
Loan_Date DATE,
);

INSERT INTO [LOAN BOOK]
(LOAN_ID, MEMBER_ID, Loan_Date)
VALUES
('L01','M006','2021-04-01'),
('L02','M017','2021-04-01'),
('L03','M007','2021-04-04'),
('L04','M003','2021-04-05'),
('L05','M016','2021-04-05'),
('L06','M020','2021-04-07'),
('L07','M015','2021-04-07'),
('L08','M010','2021-04-08'),
('L09','M029','2021-04-09'),
('L10','M022','2021-04-10'),
('L11','M023','2021-04-10'),
('L12','M007','2021-04-11'),
('L13','M005','2021-04-12'),
('L14','M025','2021-04-13'),
('L15','M021','2021-04-14'),
('L16','M004','2021-04-15'),
('L17','M026','2021-04-16'),
('L18','M012','2021-04-18'),
('L19','M018','2021-04-19'),
('L20','M001','2021-04-21'),
('L21','M010','2021-04-22'),
('L22','M024','2021-04-24'),
('L23','M020','2021-04-26'),
('L24','M009','2021-04-27'),
('L25','M012','2021-04-29'),
('L26','M010','2021-04-30'),
('L27','M001','2021-05-01'),
('L28','M003','2021-05-01'),
('L29','M026','2021-05-01'),
('L30','M016','2021-05-02'),
('L31','M002','2021-05-02'),
('L32','M029','2021-05-03'),
('L33','M014','2021-05-04'),
('L34','M017','2021-05-05'),
('L35','M018','2021-05-06'),
('L36','M001','2021-05-08'),
('L37','M026','2021-05-08'),
('L38','M022','2021-05-08'),
('L39','M029','2021-05-09'),
('L40','M007','2021-05-10'),
('L41','M005','2021-05-12'),
('L42','M028','2021-05-13'),
('L43','M015','2021-05-15'),
('L44','M008','2021-05-16'),
('L45','M027','2021-05-17'),
('L46','M020','2021-05-19'),
('L47','M013','2021-05-20'),
('L48','M005','2021-05-21'),
('L49','M028','2021-05-23'),
('L50','M013','2021-05-26'),
('L51','M009','2021-05-26'),
('L52','M020','2021-05-27'),
('L53','M027','2021-05-28'),
('L54','M017','2021-05-29'),
('L55','M022','2021-05-30'),
('L56','M009','2021-06-01'),
('L57','M017','2021-06-01'),
('L58','M029','2021-06-02'),
('L59','M026','2021-06-02'),
('L60','M003','2021-06-04'),
('L61','M005','2021-06-05'),
('L62','M010','2021-06-07'),
('L63','M001','2021-06-08'),
('L64','M023','2021-06-09'),
('L65','M027','2021-06-10'),
('L66','M014','2021-06-12'),
('L67','M001','2021-06-14'),
('L68','M008','2021-06-15'),
('L69','M016','2021-06-16'),
('L70','M003','2021-06-17'),
('L71','M009','2021-06-19'),
('L72','M021','2021-06-20'),
('L73','M016','2021-06-20'),
('L74','M020','2021-06-20'),
('L75','M024','2021-06-21'),
('L76','M015','2021-06-21'),
('L77','M028','2021-06-22'),
('L78','M014','2021-06-22'),
('L79','M013','2021-06-23'),
('L80','M027','2021-06-25'),
('L81','M010','2021-06-25'),
('L82','M022','2021-06-26'),
('L83','M021','2021-06-26'),
('L84','M013','2021-07-01'),
('L85','M024','2021-07-01'),
('L86','M021','2021-07-05'),
('L87','M001','2021-07-09'),
('L88','M021','2021-07-09'),
('L89','M001','2021-07-14'),
('L90','M005','2021-07-17'),
('L91','M001','2021-07-21'),
('L92','M028','2021-07-29'),
('L93','M027','2021-07-30'),
('L94','M020','2021-08-01'),
('L95','M005','2021-08-02'),
('L96','M013','2021-08-06'),
('L97','M014','2021-08-09'),
('L98','M027','2021-08-10'),
('L99','M022','2021-08-16'),
('L100','M021','2021-08-18'),
('L101','M006','2021-08-18'),
('L102','M013','2021-08-20'),
('L103','M001','2021-08-22'),
('L104','M008','2021-08-24'),
('L105','M016','2021-08-24'),
('L106','M026','2021-08-25'),
('L107','M009','2021-08-27'),
('L108','M002','2021-08-29'),
('L109','M014','2021-09-03'),
('L110','M007','2021-09-10'),
('L111','M012','2021-09-15'),
('L112','M020','2021-09-19'),
('L113','M026','2021-09-20'),
('L114','M010','2021-09-24'),
('L115','M018','2021-09-28'),
('L116','M022','2021-09-29'),
('L117','M005','2021-11-21'),
('L118','M010','2021-11-21'),
('L119','M015','2021-11-25'),
('L120','M025','2021-11-27'),
('L121','M015','2021-11-30'),
('L122','M002','2021-12-12'),
('L123','M006','2021-12-14'),
('L124','M012','2021-12-17'),
('L125','M018','2021-12-20'),
('L126','M024','2021-12-22'),
('L127','M029','2022-01-10'),
('L128','M003','2022-01-13'),
('L129','M008','2022-01-13'),
('L130','M015','2022-01-17'),
('L131','M020','2022-01-17'),
('L132','M001','2022-01-18'),
('L133','M002','2022-01-19'),
('L134','M007','2022-02-04'),
('L135','M010','2022-02-05'),
('L136','M016','2022-02-10'),
('L137','M022','2022-02-11'),
('L138','M026','2022-02-12'),
('L139','M005','2022-02-14'),
('L140','M011','2022-02-15'),
('L141','M019','2022-02-16'),
('L142','M027','2022-02-18'),
('L143','M015','2022-02-20'),
('L144','M003','2022-02-20'),
('L145','M009','2022-02-22'),
('L146','M014','2022-02-23'),
('L147','M021','2022-02-25'),
('L148','M029','2022-02-27'),
('L149','M004','2022-02-28'),
('L150','M006','2022-04-21'),
('L151','M013','2022-04-24'),
('L152','M024','2022-04-25'),
('L153','M028','2022-04-30'),
('L154','M007','2022-05-10'),
('L155','M013','2022-05-10'),
('L156','M020','2022-05-14'),
('L157','M025','2022-05-18'),
('L158','M015','2022-05-20'),
('L159','M008','2022-05-21'),
('L160','M018','2022-05-24'),
('L161','M023','2022-05-28'),
('L162','M003','2022-06-01'),
('L163','M010','2022-06-02'),
('L164','M016','2022-06-05'),
('L165','M027','2022-06-10'),
('L166','M026','2022-06-12'),
('L167','M008','2022-06-16'),
('L168','M007','2022-06-20'),
('L169','M012','2022-06-23'),
('L170','M028','2022-06-26'),
('L171','M015','2022-06-29'),
('L172','M005','2022-07-01'),
('L173','M009','2022-07-03'),
('L174','M015','2022-07-04'),
('L175','M022','2022-07-06'),
('L176','M015','2022-07-06'),
('L177','M003','2022-07-08'),
('L178','M008','2022-07-12'),
('L179','M014','2022-07-18'),
('L180','M019','2022-07-22'),
('L181','M026','2022-07-25'),
('L182','M028','2022-07-26'),
('L183','M006','2022-08-03'),
('L184','M011','2022-08-05'),
('L185','M017','2022-08-09'),
('L186','M024','2022-08-14'),
('L187','M029','2022-08-19'),
('L188','M014','2022-08-20'),
('L189','M005','2022-08-21'),
('L190','M014','2022-08-25'),
('L191','M019','2022-08-29'),
('L192','M025','2022-08-31'),
('L193','M026','2022-09-01'),
('L194','M006','2022-09-04'),
('L195','M012','2022-09-07'),
('L196','M017','2022-09-09'),
('L197','M023','2022-09-12'),
('L198','M029','2022-09-16'),
('L199','M003','2022-09-20'),
('L200','M009','2022-09-29'),
('L201','M013','2022-11-04'),
('L202','M020','2022-11-06'),
('L203','M009','2022-11-09'),
('L204','M029','2022-11-09'),
('L205','M004','2022-11-10'),
('L206','M017','2022-11-14'),
('L207','M030','2022-11-18'),
('L208','M003','2022-11-19'),
('L209','M012','2022-11-20'),
('L210','M016','2022-11-21'),
('L211','M023','2022-11-21'),
('L212','M020','2022-12-12'),
('L213','M014','2022-12-13'),
('L214','M024','2022-12-16'),
('L215','M022','2022-12-23'),
('L216','M024','2023-01-03'),
('L217','M025','2023-01-06'),
('L218','M012','2023-01-06'),
('L219','M004','2023-01-07'),
('L220','M014','2023-01-10'),
('L221','M017','2023-01-14'),
('L222','M004','2023-02-04'),
('L223','M007','2023-02-07'),
('L224','M021','2023-02-10'),
('L225','M024','2023-02-12'),
('L226','M029','2023-02-12'),
('L227','M001','2023-02-13'),
('L228','M022','2023-02-17'),
('L229','M025','2023-02-19'),
('L230','M009','2023-02-19'),
('L231','M011','2023-02-21'),
('L232','M024','2023-02-23'),
('L233','M027','2023-02-26'),
('L234','M025','2023-02-28'),
('L235','M002','2023-03-21'),
('L236','M026','2023-03-25'),
('L237','M028','2023-03-25'),
('L238','M010','2023-03-26'),
('L239','M026','2023-03-28'),
('L240','M026','2023-03-29'),
('L241','M008','2023-03-30'),
('L242','M026','2023-03-31'),
('L243','M012','2023-04-01'),
('L244','M029','2023-04-02'),
('L245','M002','2023-04-04'),
('L246','M021','2023-04-05'),
('L247','M003','2023-04-07'),
('L248','M013','2023-04-08'),
('L249','M022','2023-04-10'),
('L250','M021','2023-04-11'),
('L251','M006','2023-04-13'),
('L252','M023','2023-04-14'),
('L253','M004','2023-04-15'),
('L254','M026','2023-04-17'),
('L255','M007','2023-04-18'),
('L256','M020','2023-04-19'),
('L257','M025','2023-04-21'),
('L258','M025','2023-04-22'),
('L259','M026','2023-04-24'),
('L260','M028','2023-04-25'),
('L261','M030','2023-04-26'),
('L262','M001','2023-04-28'),
('L263','M016','2023-04-29'),
('L264','M026','2023-04-30'),
('L265','M022','2023-05-02'),
('L266','M011','2023-05-03'),
('L267','M014','2023-05-05'),
('L268','M015','2023-05-06'),
('L269','M018','2023-05-07'),
('L270','M025','2023-05-09'),
('L271','M027','2023-05-10'),
('L272','M009','2023-05-12'),
('L273','M013','2023-05-13'),
('L274','M024','2023-05-14'),
('L275','M025','2023-05-16'),
('L276','M026','2023-05-17'),
('L277','M004','2023-05-19'),
('L278','M008','2023-05-20'),
('L279','M002','2023-05-22'),
('L280','M025','2023-05-23'),
('L281','M026','2023-05-24'),
('L282','M005','2023-05-26'),
('L283','M012','2023-05-27'),
('L284','M010','2023-05-29'),
('L285','M021','2023-05-30'),
('L286','M025','2023-06-01'),
('L287','M001','2023-06-02'),
('L288','M016','2023-06-04'),
('L289','M025','2023-06-05'),
('L290','M019','2023-06-06'),
('L291','M023','2023-06-08'),
('L292','M025','2023-06-09'),
('L293','M026','2023-06-11'),
('L294','M028','2023-06-12'),
('L295','M015','2023-06-13'),
('L296','M008','2023-06-15'),
('L297','M014','2023-06-16'),
('L298','M025','2023-06-18'),
('L299','M005','2023-06-19'),
('L300','M011','2023-06-21');



CREATE TABLE [DUE DATE](
LOAN_ID VARCHAR(50) FOREIGN KEY REFERENCES [LOAN BOOK](LOAN_ID),
BOOK_COPY_ID VARCHAR(50) FOREIGN KEY REFERENCES [BOOK COPY](BOOK_COPY_ID),
Return_Date DATE,
Due_Date DATE,
Total_Fines DECIMAL(10,2),
PRIMARY KEY(LOAN_ID,BOOK_COPY_ID),
);

INSERT INTO [DUE DATE]
(LOAN_ID, BOOK_COPY_ID, Return_Date, Due_Date, Total_Fines)
VALUES
('L01', 'B01', '2021-04-09', '2021-04-08', 1.00),
('L02', 'B02', '2021-04-09', '2021-04-08', 1.00),
('L03', 'B03', '2021-04-11', '2021-04-11', 0.00),
('L04', 'B04', '2021-04-13', '2021-04-12', 1.00),
('L05', 'B07', '2021-04-13', '2021-04-12', 1.00),
('L06', 'B08', '2021-04-15', '2021-04-14', 1.00),
('L07', 'B09', '2021-04-15', '2021-04-14', 1.00),
('L08', 'B10', '2021-04-15', '2021-04-15', 0.00),
('L09', 'B11', '2021-04-16', '2021-04-16', 0.00),
('L10', 'B12', '2021-04-17', '2021-04-17', 0.00),
('L11', 'B04', '2021-04-17', '2021-04-17', 0.00),
('L12', 'B14', '2021-04-18', '2021-04-25', 0.00),
('L13', 'B15', '2021-04-27', '2021-04-26', 1.50),
('L14', 'B16', '2021-04-22', '2021-04-27', 0.00),
('L15', 'B17', '2021-04-21', '2021-04-28', 0.00),
('L16', 'B13', '2021-04-22', '2021-04-29', 0.00),
('L17', 'B18', '2021-04-24', '2021-04-23', 1.00),
('L18', 'B19', '2021-04-25', '2021-04-25', 0.00),
('L19', 'B20', '2021-04-26', '2021-04-26', 0.00),
('L20', 'B21', '2021-04-29', '2021-04-28', 1.00),
('L21', 'B22', '2021-04-30', '2021-04-30', 0.00),
('L22', 'B23', '2021-05-01', '2021-05-01', 0.00),
('L23', 'B24', '2021-05-04', '2021-05-03', 1.00),
('L24', 'B25', '2021-05-06', '2021-05-04', 2.00),
('L25', 'B26', '2021-05-06', '2021-05-06', 0.00),
('L26', 'B27', '2021-05-07', '2021-05-07', 0.00),
('L27', 'B28', '2021-05-08', '2021-05-08', 0.00),
('L28', 'B29', '2021-05-08', '2021-05-08', 0.00),
('L29', 'B01', '2021-05-08', '2021-05-08', 0.00),
('L30', 'B30', '2021-05-09', '2021-05-16', 0.00),
('L31', 'B31', '2021-05-09', '2021-05-16', 0.00),
('L32', 'B32', '2021-05-10', '2021-05-10', 0.00),
('L33', 'B33', '2021-05-12', '2021-05-11', 1.00),
('L34', 'B34', '2021-05-20', '2021-05-19', 1.50),
('L35', 'B35', '2021-05-22', '2021-05-20', 3.00),
('L36', 'B36', '2021-05-15', '2021-05-15', 0.00),
('L37', 'B41', '2021-05-15', '2021-05-15', 0.00),
('L38', 'B42', '2021-05-15', '2021-05-15', 0.00),
('L39', 'B37', '2021-05-16', '2021-05-23', 0.00),
('L40', 'B38', '2021-05-26', '2021-05-24', 3.00),
('L41', 'B40', '2021-05-28', '2021-05-26', 3.00),
('L42', 'B42', '2021-05-20', '2021-05-20', 0.00),
('L43', 'B43', '2021-05-22', '2021-05-22', 0.00),
('L44', 'B44', '2021-05-23', '2021-05-23', 0.00),
('L45', 'B47', '2021-06-03', '2021-06-01', 3.00),
('L46', 'B48', '2021-05-25', '2021-06-02', 0.00),
('L47', 'B49', '2021-05-27', '2021-05-27', 0.00),
('L48', 'B50', '2021-05-30', '2021-05-28', 3.00),
('L49', 'B51', '2021-05-30', '2021-05-30', 0.00),
('L50', 'B52', '2021-06-11', '2021-06-10', 1.50),
('L51', 'B53', '2021-06-11', '2021-06-10', 1.50),
('L52', 'B54', '2021-06-13', '2021-06-11', 3.00),
('L53', 'B55', '2021-06-05', '2021-06-05', 0.00),
('L54', 'B56', '2021-06-06', '2021-06-06', 0.00),
('L55', 'B57', '2021-06-07', '2021-06-07', 0.00),
('L56', 'B58', '2021-06-08', '2021-06-08', 0.00),
('L57', 'B59', '2021-06-08', '2021-06-08', 0.00),
('L58', 'B61', '2021-06-09', '2021-06-16', 0.00),
('L59', 'B62', '2021-06-09', '2021-06-16', 0.00),
('L60', 'B60', '2021-06-13', '2021-06-11', 2.00),
('L61', 'B63', '2021-06-12', '2021-06-12', 0.00),
('L62', 'B64', '2021-06-14', '2021-06-14', 0.00),
('L63', 'B65', '2021-06-15', '2021-06-22', 0.00),
('L64', 'B66', '2021-06-16', '2021-06-23', 0.00),
('L65', 'B67', '2021-06-17', '2021-06-24', 0.00),
('L66', 'B68', '2021-06-19', '2021-06-26', 0.00),
('L67', 'B69', '2021-06-21', '2021-06-28', 0.00),
('L68', 'B70', '2021-06-22', '2021-06-29', 0.00),
('L69', 'B71', '2021-06-23', '2021-06-30', 0.00),
('L70', 'B72', '2021-07-04', '2021-07-01', 4.50),
('L71', 'B73', '2021-06-26', '2021-07-03', 0.00),
('L72', 'B74', '2021-06-29', '2021-06-27', 2.00),
('L73', 'B75', '2021-06-29', '2021-06-27', 2.00),
('L74', 'B76', '2021-06-29', '2021-06-27', 2.00),
('L75', 'B77', '2021-06-29', '2021-06-28', 1.00),
('L76', 'B78', '2021-06-29', '2021-06-28', 1.00),
('L77', 'B79', '2021-06-29', '2021-06-29', 0.00),
('L78', 'B80', '2021-06-29', '2021-06-29', 0.00),
('L79', 'B81', '2021-06-30', '2021-06-30', 0.00),
('L80', 'B82', '2021-07-02', '2021-07-02', 0.00),
('L81', 'B83', '2021-07-02', '2021-07-02', 0.00),
('L82', 'B84', '2021-07-03', '2021-07-10', 0.00),
('L83', 'B85', '2021-07-03', '2021-07-10', 0.00),
('L84', 'B86', '2021-07-08', '2021-07-15', 0.00),
('L85', 'B87', '2021-07-08', '2021-07-15', 0.00),
('L86', 'B88', '2021-07-20', '2021-07-19', 1.50),
('L87', 'B89', '2021-07-16', '2021-07-23', 0.00),
('L88', 'B90', '2021-07-16', '2021-07-23', 0.00),
('L89', 'B91', '2021-07-21', '2021-07-28', 0.00),
('L90', 'B92', '2021-08-03', '2021-08-01', 3.00),
('L91', 'B93', '2021-07-28', '2021-08-06', 0.00),
('L92', 'B94', '2021-08-06', '2021-08-13', 0.00),
('L93', 'B95', '2021-08-14', '2021-08-07', 7.00),
('L94', 'B96', '2021-08-08', '2021-08-15', 0.00),
('L95', 'B97', '2021-08-09', '2021-08-09', 0.00),
('L96', 'B98', '2021-08-13', '2021-08-13', 0.00),
('L97', 'B99', '2021-08-16', '2021-08-16', 0.00),
('L98', 'B100', '2021-08-17', '2021-08-17', 0.00),
('L99', 'B101', '2021-08-23', '2021-08-23', 0.00),
('L100', 'B102', '2021-08-25', '2021-08-25', 0.00),
('L101', 'B103', '2021-08-25', '2021-08-25', 0.00),
('L102', 'B104', '2021-08-28', '2021-08-27', 1.00),
('L103', 'B105', '2021-08-29', '2021-08-06', 0.00),
('L104', 'B106', '2021-09-01', '2021-09-08', 0.00),
('L105', 'B107', '2021-09-01', '2021-09-08', 0.00),
('L106', 'B108', '2021-09-02', '2021-09-09', 0.00),
('L107', 'B109', '2021-09-04', '2021-09-11', 0.00),
('L108', 'B110', '2021-09-14', '2021-09-13', 1.50),
('L109', 'B111', '2021-09-20', '2021-09-17', 4.50),
('L110', 'B112', '2021-09-17', '2021-09-24', 0.00),
('L111', 'B113', '2021-09-24', '2021-09-22', 2.00),
('L112', 'B115', '2021-09-28', '2021-09-26', 3.00),
('L113', 'B116', '2021-09-29', '2021-09-27', 2.00),
('L114', 'B119', '2021-10-01', '2021-10-08', 0.00),
('L115', 'B120', '2021-10-05', '2021-10-12', 0.00),
('L116', 'B121', '2021-10-06', '2021-10-13', 0.00),
('L117', 'B122', '2021-11-28', '2021-11-12', 0.00),
('L118', 'B123', '2021-11-28', '2021-11-12', 0.00),
('L119', 'B124', '2021-12-02', '2021-12-09', 0.00),
('L120', 'B125', '2021-12-04', '2021-12-11', 0.00),
('L121', 'B126', '2021-12-07', '2021-12-14', 0.00),
('L122', 'B127', '2021-12-19', '2021-12-26', 0.00),
('L123', 'B128', '2021-12-21', '2021-12-28', 0.00),
('L124', 'B129', '2021-12-24', '2022-01-01', 0.00),
('L125', 'B130', '2021-12-27', '2022-01-04', 0.00),
('L126', 'B131', '2022-01-08', '2022-01-06', 3.00),
('L127', 'B132', '2022-01-21', '2022-01-17', 4.00),
('L128', 'B133', '2022-01-20', '2022-01-20', 0.00),
('L129', 'B134', '2022-01-20', '2022-01-20', 0.00),
('L130', 'B135', '2022-01-24', '2022-02-01', 0.00),
('L131', 'B136', '2022-01-24', '2022-02-01', 0.00),
('L132', 'B137', '2022-01-25', '2022-01-25', 0.00),
('L133', 'B138', '2022-01-29', '2022-01-26', 3.00),
('L134', 'B140', '2022-02-11', '2022-02-18', 0.00),
('L135', 'B141', '2022-02-12', '2022-02-19', 0.00),
('L136', 'B142', '2022-02-17', '2022-02-24', 0.00),
('L137', 'B143', '2022-02-18', '2022-02-18', 0.00),
('L138', 'B144', '2022-02-19', '2022-02-26', 0.00),
('L139', 'B145', '2022-03-01', '2022-02-28', 1.50),
('L140', 'B146', '2022-02-22', '2022-03-01', 0.00),
('L141', 'B147', '2022-02-23', '2022-03-02', 0.00),
('L142', 'B148', '2022-02-25', '2022-03-04', 0.00),
('L143', 'B150', '2022-02-27', '2022-02-27', 0.00),
('L144', 'B151', '2022-02-27', '2022-02-27', 0.00),
('L145', 'B149', '2022-03-01', '2022-03-08', 0.00),
('L146', 'B153', '2022-03-02', '2022-03-09', 0.00),
('L147', 'B154', '2022-03-04', '2022-03-11', 0.00),
('L148', 'B155', '2022-03-14', '2022-03-13', 1.50),
('L149', 'B156', '2022-03-16', '2022-03-14', 3.00),
('L150', 'B157', '2022-04-28', '2022-05-05', 0.00),
('L151', 'B158', '2022-05-01', '2022-05-08', 0.00),
('L152', 'B159', '2022-05-02', '2022-05-09', 0.00),
('L153', 'B160', '2022-05-14', '2022-05-07', 7.00),
('L154', 'B161', '2022-05-20', '2022-05-17', 3.00),
('L155', 'B162', '2022-05-20', '2022-05-17', 3.00),
('L156', 'B163', '2022-05-21', '2022-05-21', 0.00),
('L157', 'B164', '2022-05-27', '2022-05-25', 2.00),
('L158', 'B18', '2022-05-27', '2022-05-27', 0.00),
('L159', 'B19', '2022-05-29', '2022-05-28', 1.00),
('L160', 'B20', '2022-06-02', '2022-06-01', 1.00),
('L161', 'B21', '2022-06-05', '2022-06-05', 0.00),
('L188', 'B83', '2022-08-27', '2022-08-27', 0.00),
('L189', 'B97', '2022-08-28', '2022-08-28', 0.00),
('L190', 'B98', '2022-09-04', '2022-09-02', 2.00),
('L191', 'B99', '2022-09-06', '2022-09-05', 1.00),
('L192', 'B100', '2022-09-07', '2022-09-07', 0.00),
('L193', 'B101', '2022-09-08', '2022-09-08', 0.00),
('L194', 'B102', '2022-09-11', '2022-09-11', 0.00),
('L195', 'B103', '2022-09-14', '2022-09-14', 0.00),
('L196', 'B104', '2022-09-16', '2022-09-16', 0.00),
('L197', 'B84', '2022-09-19', '2022-09-26', 0.00),
('L198', 'B85', '2022-09-26', '2022-09-30', 0.00),
('L199', 'B86', '2022-09-27', '2022-10-04', 0.00),
('L200', 'B87', '2022-10-20', '2022-10-13', 7.00),
('L201', 'B88', '2022-11-19', '2022-11-18', 1.50),
('L202', 'B89', '2022-11-13', '2022-11-20', 0.00),
('L203', 'B90', '2022-11-16', '2022-11-23', 0.00),
('L204', 'B91', '2022-11-16', '2022-11-23', 0.00),
('L205', 'B92', '2022-11-17', '2022-11-24', 0.00),
('L206', 'B93', '2022-11-29', '2022-11-28', 1.50),
('L207', 'B94', '2022-11-25', '2022-12-02', 0.00),
('L208', 'B01', '2022-11-26', '2022-11-26', 0.00),
('L209', 'B02', '2022-11-27', '2022-11-27', 0.00),
('L210', 'B03', '2022-11-28', '2022-11-28', 0.00),
('L211', 'B04', '2022-11-28', '2022-11-28', 0.00),
('L212', 'B07', '2022-12-20', '2022-12-19', 1.00),
('L213', 'B08', '2022-12-24', '2022-12-20', 4.00),
('L214', 'B09', '2022-12-30', '2022-12-30', 0.00),
('L215', 'B10', '2022-12-30', '2022-12-30', 0.00),
('L216', 'B11', '2023-01-10', '2023-01-10', 0.00),
('L217', 'B12', '2023-01-19', '2023-01-13', 6.00),
('L218', 'B150', '2023-01-19', '2023-01-13', 6.00),
('L219', 'B120', '2023-01-14', '2023-01-21', 0.00),
('L220', 'B121', '2023-01-17', '2023-01-24', 0.00),
('L221', 'B122', '2023-01-21', '2023-01-28', 0.00),
('L222', 'B123', '2023-02-11', '2023-02-18', 0.00),
('L223', 'B124', '2023-02-14', '2023-02-28', 0.00),
('L224', 'B125', '2023-02-17', '2023-02-24', 0.00),
('L225', 'B126', '2023-02-27', '2023-02-26', 1.50),
('L226', 'B127', '2023-02-27', '2023-02-26', 1.50),
('L227', 'B128', '2023-02-21', '2023-02-28', 0.00),
('L228', 'B129', '2023-02-24', '2023-02-04', 0.00),
('L229', 'B133', '2023-02-26', '2023-02-26', 0.00),
('L230', 'B134', '2023-02-26', '2023-02-26', 0.00),
('L231', 'B132', '2023-02-09', '2023-02-07', 3.00),
('L232', 'B130', '2023-03-10', '2023-03-09', 1.50),
('L233', 'B131', '2023-03-03', '2023-03-10', 0.00),
('L234', 'B137', '2023-03-07', '2023-03-07', 0.00),
('L235', 'B138', '2023-03-28', '2023-03-28', 0.00),
('L236', 'B116', '2023-04-01', '2023-04-01', 0.00),
('L237', 'B160', '2023-04-01', '2023-04-01', 0.00),
('L238', 'B161', '2023-04-04', '2023-04-02', 2.00),
('L239', 'B162', '2023-04-10', '2023-04-04', 6.00),
('L240', 'B163', '2023-04-05', '2023-04-05', 0.00),
('L241', 'B164', '2023-04-06', '2023-04-06', 0.00),
('L242', 'B119', '2023-04-16', '2023-04-14', 3.00),
('L243', 'B49', '2023-04-08', '2023-04-08', 0.00),
('L244', 'B50', '2023-04-10', '2023-04-10', 0.00),
('L245', 'B51', '2023-04-11', '2023-04-11', 0.00),
('L246', 'B97', '2023-04-12', '2023-04-12', 0.00),
('L247', 'B98', '2023-04-19', '2023-04-14', 5.00),
('L248', 'B99', '2023-04-15', '2023-04-15', 0.00),
('L249', 'B100', '2023-04-17', '2023-04-17', 0.00),
('L250', 'B101', '2023-04-18', '2023-04-18', 0.00),
('L251', 'B102', '2023-04-20', '2023-04-20', 0.00),
('L252', 'B103', '2023-04-21', '2023-04-21', 0.00),
('L253', 'B104', '2023-04-22', '2023-04-22', 0.00),
('L254', 'B63', '2023-04-24', '2023-04-24', 0.00),
('L255', 'B64', '2023-04-26', '2023-04-25', 1.00),
('L256', 'B95', '2023-04-26', '2023-04-26', 0.00),
('L257', 'B116', '2023-04-28', '2023-04-28', 0.00),
('L258', 'B02', '2023-04-29', '2023-04-29', 0.00),
('L259', 'B52', '2023-05-01', '2023-05-08', 0.00),
('L260', 'B54', '2023-05-10', '2023-05-09', 1.50),
('L261', 'B53', '2023-05-12', '2023-05-10', 3.00),
('L262', 'B07', '2023-05-05', '2023-05-05', 0.00),
('L263', 'B12', '2023-05-06', '2023-05-06', 0.00),
('L264', 'B10', '2023-05-09', '2023-05-07', 2.00),
('L265', 'B08', '2023-05-09', '2023-05-09', 0.00),
('L266', 'B11', '2023-05-10', '2023-05-10', 0.00),
('L267', 'B161', '2023-05-12', '2023-05-12', 0.00),
('L268', 'B13', '2023-05-13', '2023-05-20', 0.00),
('L269', 'B14', '2023-05-23', '2023-05-21', 3.00),
('L270', 'B15', '2023-05-16', '2023-05-23', 0.00),
('L271', 'B16', '2023-05-17', '2023-05-24', 0.00),
('L272', 'B17', '2023-05-19', '2023-05-26', 0.00),
('L273', 'B60', '2023-05-24', '2023-05-20', 4.00),
('L274', 'B59', '2023-05-21', '2023-05-21', 0.00),
('L275', 'B58', '2023-05-23', '2023-05-23', 0.00),
('L276', 'B57', '2023-05-24', '2023-05-24', 0.00),
('L277', 'B56', '2023-05-26', '2023-05-26', 0.00),
('L278', 'B55', '2023-05-29', '2023-05-27', 2.00),
('L279', 'B133', '2023-05-30', '2023-05-29', 1.00),
('L280', 'B134', '2023-05-31', '2023-05-30', 1.00),
('L281', 'B22', '2023-06-01', '2023-05-31', 1.00),
('L282', 'B29', '2023-06-02', '2023-06-02', 0.00),
('L283', 'B19', '2023-06-03', '2023-06-03', 0.00),
('L284', 'B21', '2023-06-05', '2023-06-05', 0.00),
('L285', 'B25', '2023-06-07', '2023-06-06', 1.00),
('L286', 'B28', '2023-06-08', '2023-06-08', 0.00),
('L287', 'B18', '2023-06-11', '2023-06-09', 2.00),
('L288', 'B144', '2023-06-21', '2023-06-18', 4.50),
('L289', 'B145', '2023-06-12', '2023-06-19', 0.00),
('L290', 'B146', '2023-06-13', '2023-06-20', 0.00),
('L291', 'B147', '2023-06-15', '2023-06-22', 0.00),
('L292', 'B148', '2023-06-16', '2023-06-23', 0.00),
('L293', 'B97', '2023-06-18', '2023-06-18', 0.00),
('L294', 'B98', '2023-06-19', '2023-06-19', 0.00),
('L295', 'B99', '2023-06-20', '2023-06-20', 0.00),
('L296', 'B100', '2023-06-23', '2023-06-22', 1.00),
('L297', 'B101', '2023-06-23', '2023-06-23', 0.00),
('L298', 'B102', '2023-06-25', '2023-06-25', 0.00),
('L299', 'B103', '2023-06-27', '2023-06-26', 1.00),
('L300', 'B104', '2023-06-28', '2023-06-28', 0.00);





